{"+447936954484:e26540e1d5b75d78cc418ad960ca9126": 1749066712.999216, "+447916520447:e26540e1d5b75d78cc418ad960ca9126": 1749066713.7256432, "+447936954484:3c001a5748d6164347ee11f91ffb04a0": 1749067038.069531, "+447916520447:3c001a5748d6164347ee11f91ffb04a0": 1749067038.4279137}